{
    "Driver Door": {
        "0x40": 51.158389067086965
    },
    "Driver seatbelt": {
        "0x60": 14.107763177296501,
        "0x185": 4347970.704931153,
        "0x210": 8.341803550720215,
        "0x190": 12.990009895681787,
        "0xB0": 13.183441472753683
    },
    "Foot Brake": {
        "0x120": 23.660593032836914,
        "0x12B": 1087.7592193382193,
        "0x32": 9.290142470505726,
        "0x33": 1945.0108424338637,
        "0x23D": 325.77762051080305
    },
    "Wipers": {
        "0x1D0": 27.417027149338136
    },
    "Hazard Lights": {
        "0x20": 60.36482661022761,
        "0x380": 1116.7177818333
    },
    "Passenger Door": {
        "0x210": 120.37007141113281,
        "0xE0": 966.2340025110457,
        "0xC3": 24.39131542819516,
        "0xC4": 23.108013884395334
    },
    "Passenger Seatbelt": {
        "0xB0": 13.85387905184508
    },
    "Rear Right Door": {
        "0x200": 387.75860595703125,
        "0xE0": 53.073589610259326,
        "0x20": 83.83369961117235,
        "0x53": 102.2791976928711
    },
    "Rear Left Door": {
        "0x40": 58.00674676822032,
        "0x20": 67.0326590218836,
        "0x53": 124.47137451171875
    }
}