{
    "Hazard lights": {
        "start_time": 5.773199999999999,
        "end_time": 4.925199999999999
    },
    "Footbrake": {
        "start_time": 7.7509999999999994,
        "end_time": 7.2618
    },
    "Passenger door": {
        "start_time": 9.6598,
        "end_time": 9.1911
    }
}